{"cameraMode":{"drawMode":0,"name":"Shaded","section":"Shading Mode"},"sceneLighting":true,"audioPlay":false,"sceneViewState":{"showFog":true,"showMaterialUpdate":false,"showSkybox":true,"showFlares":true,"showImageEffects":true,"showParticleSystems":true},"in2DMode":false,"pivot":{"x":8.517424583435059,"y":-0.854055643081665,"z":0.19860345125198365},"rotation":{"x":0.025725992396473886,"y":0.9187610745429993,"z":-0.38932329416275027,"w":0.0607135184109211},"size":17.0793514251709,"orthographic":false}