{"cameraMode":{"drawMode":0,"name":"Shaded","section":"Shading Mode"},"sceneLighting":false,"audioPlay":false,"sceneViewState":{"showFog":true,"showMaterialUpdate":false,"showSkybox":false,"showFlares":true,"showImageEffects":true,"showParticleSystems":true},"in2DMode":false,"pivot":{"x":-0.5609775185585022,"y":1.6019704341888428,"z":-0.4497873783111572},"rotation":{"x":0.0484149195253849,"y":0.9513800740242004,"z":-0.2255857139825821,"w":0.20426206290721894},"size":1.8000173568725587,"orthographic":false}