{"cameraMode":{"drawMode":0,"name":"Shaded","section":"Shading Mode"},"sceneLighting":false,"audioPlay":false,"sceneViewState":{"showFog":true,"showMaterialUpdate":false,"showSkybox":false,"showFlares":true,"showImageEffects":true,"showParticleSystems":true},"in2DMode":false,"pivot":{"x":-4.1825032234191898,"y":4.683705806732178,"z":3.9423556327819826},"rotation":{"x":0.0484149195253849,"y":0.9513800740242004,"z":-0.2255857139825821,"w":0.20426206290721894},"size":2.9371633529663088,"orthographic":false}