{"cameraMode":{"drawMode":0,"name":"Shaded","section":"Shading Mode"},"sceneLighting":false,"audioPlay":false,"sceneViewState":{"showFog":true,"showMaterialUpdate":false,"showSkybox":false,"showFlares":true,"showImageEffects":true,"showParticleSystems":true},"in2DMode":false,"pivot":{"x":0.3590746223926544,"y":-0.5095492005348206,"z":0.44242367148399355},"rotation":{"x":0.0484149195253849,"y":0.9513800740242004,"z":-0.2255857139825821,"w":0.20426206290721894},"size":3.46379017829895,"orthographic":false}