{"cameraMode":{"drawMode":0,"name":"Shaded","section":"Shading Mode"},"sceneLighting":false,"audioPlay":false,"sceneViewState":{"showFog":true,"showMaterialUpdate":false,"showSkybox":false,"showFlares":true,"showImageEffects":true,"showParticleSystems":true},"in2DMode":false,"pivot":{"x":-0.5200574994087219,"y":0.5724145770072937,"z":-0.5495295524597168},"rotation":{"x":0.0484149195253849,"y":0.9513800740242004,"z":-0.2255857139825821,"w":0.20426206290721894},"size":2.017839193344116,"orthographic":false}