{"cameraMode":{"drawMode":0,"name":"Shaded","section":"Shading Mode"},"sceneLighting":true,"audioPlay":false,"sceneViewState":{"showFog":true,"showMaterialUpdate":false,"showSkybox":false,"showFlares":true,"showImageEffects":true,"showParticleSystems":true},"in2DMode":false,"pivot":{"x":-4.45455265045166,"y":5.3626275062561039,"z":4.695755481719971},"rotation":{"x":0.0484149195253849,"y":0.9513800740242004,"z":-0.2255857139825821,"w":0.20426206290721894},"size":1.8178935050964356,"orthographic":false}